R2,RMSE,MAE,MAPE
-0.08420809392111495,2182.186579574849,1758.77109375,0.01964898025334182
