R2,RMSE,MAE,MAPE
0.944841206073761,2806.694229872574,2164.00341796875,0.021164430305361748
