R2,RMSE,MAE,MAPE
-3.57381534576416,25558.01181625832,23182.95703125,0.2147192806005478
