Model,R2 Score,RMSE,MAE,MAPE
LightGBM,-0.21169833902240454,2306.9214877454597,1884.0004513954914,0.020985506128761256
